kind,regime,label,task,method,truth,decision,test_cost,witness,object_state,demand,robot
abstention,typical,mug,contain_liquid,conservative_prior,1,abstain,0.0000,conservative_prior(abstain),"{""absorbency_ml"": 5, ""capacity_ml"": 342, ""concave"": true, ""crush_limit_n"": 42, ""edge_stiffness"": 0.3, ""flat_top"": false, ""friction"": 0.6901929092449657, ""grippable"": true, ""has_handle"": true, ""has_hole"": false, ""heat_resistant"": true, ""label"": ""mug"", ""load_capacity_g"": 900, ""mass_g"": 322, ""porous"": false, ""pour_lip"": true, ""sharpness"": 0.03, ""stable_base"": true, ""surface_fragility"": 0.1, ""wet"": false}","{""grip_force_n"": 18.0, ""gripper_limit_g"": 900, ""load_g"": 1000, ""push_force_n"": 8.0, ""required_sharpness"": 0.55, ""required_stiffness"": 0.45, ""spill_ml"": 60, ""stack_load_g"": 600, ""temperature_c"": 85, ""volume_ml"": 200}",standard_parallel_jaw
saved_test_correct,typical,mug,support_load,risk_aware_eatl,0,0,0.0000,"risk_aware_eatl(reject,p=0.06)","{""absorbency_ml"": 5, ""capacity_ml"": 342, ""concave"": true, ""crush_limit_n"": 42, ""edge_stiffness"": 0.3, ""flat_top"": false, ""friction"": 0.6901929092449657, ""grippable"": true, ""has_handle"": true, ""has_hole"": false, ""heat_resistant"": true, ""label"": ""mug"", ""load_capacity_g"": 900, ""mass_g"": 322, ""porous"": false, ""pour_lip"": true, ""sharpness"": 0.03, ""stable_base"": true, ""surface_fragility"": 0.1, ""wet"": false}","{""grip_force_n"": 18.0, ""gripper_limit_g"": 900, ""load_g"": 1000, ""push_force_n"": 8.0, ""required_sharpness"": 0.55, ""required_stiffness"": 0.45, ""spill_ml"": 60, ""stack_load_g"": 600, ""temperature_c"": 85, ""volume_ml"": 200}",standard_parallel_jaw
saved_test_correct,typical,mug,cut_soft_food,risk_aware_eatl,0,0,0.0000,"risk_aware_eatl(reject,p=0.17)","{""absorbency_ml"": 5, ""capacity_ml"": 342, ""concave"": true, ""crush_limit_n"": 42, ""edge_stiffness"": 0.3, ""flat_top"": false, ""friction"": 0.6901929092449657, ""grippable"": true, ""has_handle"": true, ""has_hole"": false, ""heat_resistant"": true, ""label"": ""mug"", ""load_capacity_g"": 900, ""mass_g"": 322, ""porous"": false, ""pour_lip"": true, ""sharpness"": 0.03, ""stable_base"": true, ""surface_fragility"": 0.1, ""wet"": false}","{""grip_force_n"": 18.0, ""gripper_limit_g"": 900, ""load_g"": 1000, ""push_force_n"": 8.0, ""required_sharpness"": 0.55, ""required_stiffness"": 0.45, ""spill_ml"": 60, ""stack_load_g"": 600, ""temperature_c"": 85, ""volume_ml"": 200}",standard_parallel_jaw
unsafe_false_positive,typical,mug,cut_soft_food,random_test_control,0,1,0.0780,irrelevant_random_probe,"{""absorbency_ml"": 5, ""capacity_ml"": 342, ""concave"": true, ""crush_limit_n"": 42, ""edge_stiffness"": 0.3, ""flat_top"": false, ""friction"": 0.6901929092449657, ""grippable"": true, ""has_handle"": true, ""has_hole"": false, ""heat_resistant"": true, ""label"": ""mug"", ""load_capacity_g"": 900, ""mass_g"": 322, ""porous"": false, ""pour_lip"": true, ""sharpness"": 0.03, ""stable_base"": true, ""surface_fragility"": 0.1, ""wet"": false}","{""grip_force_n"": 18.0, ""gripper_limit_g"": 900, ""load_g"": 1000, ""push_force_n"": 8.0, ""required_sharpness"": 0.55, ""required_stiffness"": 0.45, ""spill_ml"": 60, ""stack_load_g"": 600, ""temperature_c"": 85, ""volume_ml"": 200}",standard_parallel_jaw
saved_test_correct,typical,mug,wipe_spill,risk_aware_eatl,0,0,0.0000,"risk_aware_eatl(reject,p=0.06)","{""absorbency_ml"": 5, ""capacity_ml"": 342, ""concave"": true, ""crush_limit_n"": 42, ""edge_stiffness"": 0.3, ""flat_top"": false, ""friction"": 0.6901929092449657, ""grippable"": true, ""has_handle"": true, ""has_hole"": false, ""heat_resistant"": true, ""label"": ""mug"", ""load_capacity_g"": 900, ""mass_g"": 322, ""porous"": false, ""pour_lip"": true, ""sharpness"": 0.03, ""stable_base"": true, ""surface_fragility"": 0.1, ""wet"": false}","{""grip_force_n"": 18.0, ""gripper_limit_g"": 900, ""load_g"": 1000, ""push_force_n"": 8.0, ""required_sharpness"": 0.55, ""required_stiffness"": 0.45, ""spill_ml"": 60, ""stack_load_g"": 600, ""temperature_c"": 85, ""volume_ml"": 200}",standard_parallel_jaw
unsafe_false_positive,typical,mug,wipe_spill,cached_eatl,0,1,0.0700,"absorb_probe(spill=60, absorbency=5)","{""absorbency_ml"": 5, ""capacity_ml"": 342, ""concave"": true, ""crush_limit_n"": 42, ""edge_stiffness"": 0.3, ""flat_top"": false, ""friction"": 0.6901929092449657, ""grippable"": true, ""has_handle"": true, ""has_hole"": false, ""heat_resistant"": true, ""label"": ""mug"", ""load_capacity_g"": 900, ""mass_g"": 322, ""porous"": false, ""pour_lip"": true, ""sharpness"": 0.03, ""stable_base"": true, ""surface_fragility"": 0.1, ""wet"": false}","{""grip_force_n"": 18.0, ""gripper_limit_g"": 900, ""load_g"": 1000, ""push_force_n"": 8.0, ""required_sharpness"": 0.55, ""required_stiffness"": 0.45, ""spill_ml"": 60, ""stack_load_g"": 600, ""temperature_c"": 85, ""volume_ml"": 200}",standard_parallel_jaw
unsafe_false_positive,typical,mug,wipe_spill,random_test_control,0,1,0.0455,irrelevant_random_probe,"{""absorbency_ml"": 5, ""capacity_ml"": 342, ""concave"": true, ""crush_limit_n"": 42, ""edge_stiffness"": 0.3, ""flat_top"": false, ""friction"": 0.6901929092449657, ""grippable"": true, ""has_handle"": true, ""has_hole"": false, ""heat_resistant"": true, ""label"": ""mug"", ""load_capacity_g"": 900, ""mass_g"": 322, ""porous"": false, ""pour_lip"": true, ""sharpness"": 0.03, ""stable_base"": true, ""surface_fragility"": 0.1, ""wet"": false}","{""grip_force_n"": 18.0, ""gripper_limit_g"": 900, ""load_g"": 1000, ""push_force_n"": 8.0, ""required_sharpness"": 0.55, ""required_stiffness"": 0.45, ""spill_ml"": 60, ""stack_load_g"": 600, ""temperature_c"": 85, ""volume_ml"": 200}",standard_parallel_jaw
abstention,typical,mug,carry_hot,conservative_prior,1,abstain,0.0000,conservative_prior(abstain),"{""absorbency_ml"": 5, ""capacity_ml"": 342, ""concave"": true, ""crush_limit_n"": 42, ""edge_stiffness"": 0.3, ""flat_top"": false, ""friction"": 0.6901929092449657, ""grippable"": true, ""has_handle"": true, ""has_hole"": false, ""heat_resistant"": true, ""label"": ""mug"", ""load_capacity_g"": 900, ""mass_g"": 322, ""porous"": false, ""pour_lip"": true, ""sharpness"": 0.03, ""stable_base"": true, ""surface_fragility"": 0.1, ""wet"": false}","{""grip_force_n"": 18.0, ""gripper_limit_g"": 900, ""load_g"": 1000, ""push_force_n"": 8.0, ""required_sharpness"": 0.55, ""required_stiffness"": 0.45, ""spill_ml"": 60, ""stack_load_g"": 600, ""temperature_c"": 85, ""volume_ml"": 200}",standard_parallel_jaw
avoidable_false_negative,typical,mug,carry_hot,random_test_control,1,0,0.0650,irrelevant_random_probe,"{""absorbency_ml"": 5, ""capacity_ml"": 342, ""concave"": true, ""crush_limit_n"": 42, ""edge_stiffness"": 0.3, ""flat_top"": false, ""friction"": 0.6901929092449657, ""grippable"": true, ""has_handle"": true, ""has_hole"": false, ""heat_resistant"": true, ""label"": ""mug"", ""load_capacity_g"": 900, ""mass_g"": 322, ""porous"": false, ""pour_lip"": true, ""sharpness"": 0.03, ""stable_base"": true, ""surface_fragility"": 0.1, ""wet"": false}","{""grip_force_n"": 18.0, ""gripper_limit_g"": 900, ""load_g"": 1000, ""push_force_n"": 8.0, ""required_sharpness"": 0.55, ""required_stiffness"": 0.45, ""spill_ml"": 60, ""stack_load_g"": 600, ""temperature_c"": 85, ""volume_ml"": 200}",standard_parallel_jaw
abstention,typical,mug,pour_without_spill,conservative_prior,1,abstain,0.0000,conservative_prior(abstain),"{""absorbency_ml"": 5, ""capacity_ml"": 342, ""concave"": true, ""crush_limit_n"": 42, ""edge_stiffness"": 0.3, ""flat_top"": false, ""friction"": 0.6901929092449657, ""grippable"": true, ""has_handle"": true, ""has_hole"": false, ""heat_resistant"": true, ""label"": ""mug"", ""load_capacity_g"": 900, ""mass_g"": 322, ""porous"": false, ""pour_lip"": true, ""sharpness"": 0.03, ""stable_base"": true, ""surface_fragility"": 0.1, ""wet"": false}","{""grip_force_n"": 18.0, ""gripper_limit_g"": 900, ""load_g"": 1000, ""push_force_n"": 8.0, ""required_sharpness"": 0.55, ""required_stiffness"": 0.45, ""spill_ml"": 60, ""stack_load_g"": 600, ""temperature_c"": 85, ""volume_ml"": 200}",standard_parallel_jaw
saved_test_correct,typical,mug,stack_safely,risk_aware_eatl,0,0,0.0000,"risk_aware_eatl(reject,p=0.17)","{""absorbency_ml"": 5, ""capacity_ml"": 342, ""concave"": true, ""crush_limit_n"": 42, ""edge_stiffness"": 0.3, ""flat_top"": false, ""friction"": 0.6901929092449657, ""grippable"": true, ""has_handle"": true, ""has_hole"": false, ""heat_resistant"": true, ""label"": ""mug"", ""load_capacity_g"": 900, ""mass_g"": 322, ""porous"": false, ""pour_lip"": true, ""sharpness"": 0.03, ""stable_base"": true, ""surface_fragility"": 0.1, ""wet"": false}","{""grip_force_n"": 18.0, ""gripper_limit_g"": 900, ""load_g"": 1000, ""push_force_n"": 8.0, ""required_sharpness"": 0.55, ""required_stiffness"": 0.45, ""spill_ml"": 60, ""stack_load_g"": 600, ""temperature_c"": 85, ""volume_ml"": 200}",standard_parallel_jaw
unsafe_false_positive,typical,mug,stack_safely,random_test_control,0,1,0.0715,irrelevant_random_probe,"{""absorbency_ml"": 5, ""capacity_ml"": 342, ""concave"": true, ""crush_limit_n"": 42, ""edge_stiffness"": 0.3, ""flat_top"": false, ""friction"": 0.6901929092449657, ""grippable"": true, ""has_handle"": true, ""has_hole"": false, ""heat_resistant"": true, ""label"": ""mug"", ""load_capacity_g"": 900, ""mass_g"": 322, ""porous"": false, ""pour_lip"": true, ""sharpness"": 0.03, ""stable_base"": true, ""surface_fragility"": 0.1, ""wet"": false}","{""grip_force_n"": 18.0, ""gripper_limit_g"": 900, ""load_g"": 1000, ""push_force_n"": 8.0, ""required_sharpness"": 0.55, ""required_stiffness"": 0.45, ""spill_ml"": 60, ""stack_load_g"": 600, ""temperature_c"": 85, ""volume_ml"": 200}",standard_parallel_jaw
abstention,typical,mug,grasp_without_crushing,conservative_prior,1,abstain,0.0000,conservative_prior(abstain),"{""absorbency_ml"": 5, ""capacity_ml"": 342, ""concave"": true, ""crush_limit_n"": 42, ""edge_stiffness"": 0.3, ""flat_top"": false, ""friction"": 0.6901929092449657, ""grippable"": true, ""has_handle"": true, ""has_hole"": false, ""heat_resistant"": true, ""label"": ""mug"", ""load_capacity_g"": 900, ""mass_g"": 322, ""porous"": false, ""pour_lip"": true, ""sharpness"": 0.03, ""stable_base"": true, ""surface_fragility"": 0.1, ""wet"": false}","{""grip_force_n"": 18.0, ""gripper_limit_g"": 900, ""load_g"": 1000, ""push_force_n"": 8.0, ""required_sharpness"": 0.55, ""required_stiffness"": 0.45, ""spill_ml"": 60, ""stack_load_g"": 600, ""temperature_c"": 85, ""volume_ml"": 200}",standard_parallel_jaw
avoidable_false_negative,typical,mug,grasp_without_crushing,random_test_control,1,0,0.0650,irrelevant_random_probe,"{""absorbency_ml"": 5, ""capacity_ml"": 342, ""concave"": true, ""crush_limit_n"": 42, ""edge_stiffness"": 0.3, ""flat_top"": false, ""friction"": 0.6901929092449657, ""grippable"": true, ""has_handle"": true, ""has_hole"": false, ""heat_resistant"": true, ""label"": ""mug"", ""load_capacity_g"": 900, ""mass_g"": 322, ""porous"": false, ""pour_lip"": true, ""sharpness"": 0.03, ""stable_base"": true, ""surface_fragility"": 0.1, ""wet"": false}","{""grip_force_n"": 18.0, ""gripper_limit_g"": 900, ""load_g"": 1000, ""push_force_n"": 8.0, ""required_sharpness"": 0.55, ""required_stiffness"": 0.45, ""spill_ml"": 60, ""stack_load_g"": 600, ""temperature_c"": 85, ""volume_ml"": 200}",standard_parallel_jaw
abstention,typical,bowl,contain_liquid,conservative_prior,1,abstain,0.0000,conservative_prior(abstain),"{""absorbency_ml"": 10, ""capacity_ml"": 507, ""concave"": true, ""crush_limit_n"": 50, ""edge_stiffness"": 0.2, ""flat_top"": false, ""friction"": 0.6817316853989701, ""grippable"": true, ""has_handle"": false, ""has_hole"": false, ""heat_resistant"": true, ""label"": ""bowl"", ""load_capacity_g"": 1200, ""mass_g"": 446, ""porous"": false, ""pour_lip"": false, ""sharpness"": 0.02, ""stable_base"": true, ""surface_fragility"": 0.12, ""wet"": false}","{""grip_force_n"": 18.0, ""gripper_limit_g"": 900, ""load_g"": 1000, ""push_force_n"": 8.0, ""required_sharpness"": 0.55, ""required_stiffness"": 0.45, ""spill_ml"": 60, ""stack_load_g"": 600, ""temperature_c"": 85, ""volume_ml"": 200}",standard_parallel_jaw
saved_test_correct,typical,bowl,support_load,risk_aware_eatl,0,0,0.0000,"risk_aware_eatl(reject,p=0.18)","{""absorbency_ml"": 10, ""capacity_ml"": 507, ""concave"": true, ""crush_limit_n"": 50, ""edge_stiffness"": 0.2, ""flat_top"": false, ""friction"": 0.6817316853989701, ""grippable"": true, ""has_handle"": false, ""has_hole"": false, ""heat_resistant"": true, ""label"": ""bowl"", ""load_capacity_g"": 1200, ""mass_g"": 446, ""porous"": false, ""pour_lip"": false, ""sharpness"": 0.02, ""stable_base"": true, ""surface_fragility"": 0.12, ""wet"": false}","{""grip_force_n"": 18.0, ""gripper_limit_g"": 900, ""load_g"": 1000, ""push_force_n"": 8.0, ""required_sharpness"": 0.55, ""required_stiffness"": 0.45, ""spill_ml"": 60, ""stack_load_g"": 600, ""temperature_c"": 85, ""volume_ml"": 200}",standard_parallel_jaw
saved_test_correct,typical,bowl,cut_soft_food,risk_aware_eatl,0,0,0.0000,"risk_aware_eatl(reject,p=0.18)","{""absorbency_ml"": 10, ""capacity_ml"": 507, ""concave"": true, ""crush_limit_n"": 50, ""edge_stiffness"": 0.2, ""flat_top"": false, ""friction"": 0.6817316853989701, ""grippable"": true, ""has_handle"": false, ""has_hole"": false, ""heat_resistant"": true, ""label"": ""bowl"", ""load_capacity_g"": 1200, ""mass_g"": 446, ""porous"": false, ""pour_lip"": false, ""sharpness"": 0.02, ""stable_base"": true, ""surface_fragility"": 0.12, ""wet"": false}","{""grip_force_n"": 18.0, ""gripper_limit_g"": 900, ""load_g"": 1000, ""push_force_n"": 8.0, ""required_sharpness"": 0.55, ""required_stiffness"": 0.45, ""spill_ml"": 60, ""stack_load_g"": 600, ""temperature_c"": 85, ""volume_ml"": 200}",standard_parallel_jaw
saved_test_correct,typical,bowl,wipe_spill,risk_aware_eatl,0,0,0.0000,"risk_aware_eatl(reject,p=0.06)","{""absorbency_ml"": 10, ""capacity_ml"": 507, ""concave"": true, ""crush_limit_n"": 50, ""edge_stiffness"": 0.2, ""flat_top"": false, ""friction"": 0.6817316853989701, ""grippable"": true, ""has_handle"": false, ""has_hole"": false, ""heat_resistant"": true, ""label"": ""bowl"", ""load_capacity_g"": 1200, ""mass_g"": 446, ""porous"": false, ""pour_lip"": false, ""sharpness"": 0.02, ""stable_base"": true, ""surface_fragility"": 0.12, ""wet"": false}","{""grip_force_n"": 18.0, ""gripper_limit_g"": 900, ""load_g"": 1000, ""push_force_n"": 8.0, ""required_sharpness"": 0.55, ""required_stiffness"": 0.45, ""spill_ml"": 60, ""stack_load_g"": 600, ""temperature_c"": 85, ""volume_ml"": 200}",standard_parallel_jaw
unsafe_false_positive,typical,bowl,wipe_spill,random_test_control,0,1,0.0455,irrelevant_random_probe,"{""absorbency_ml"": 10, ""capacity_ml"": 507, ""concave"": true, ""crush_limit_n"": 50, ""edge_stiffness"": 0.2, ""flat_top"": false, ""friction"": 0.6817316853989701, ""grippable"": true, ""has_handle"": false, ""has_hole"": false, ""heat_resistant"": true, ""label"": ""bowl"", ""load_capacity_g"": 1200, ""mass_g"": 446, ""porous"": false, ""pour_lip"": false, ""sharpness"": 0.02, ""stable_base"": true, ""surface_fragility"": 0.12, ""wet"": false}","{""grip_force_n"": 18.0, ""gripper_limit_g"": 900, ""load_g"": 1000, ""push_force_n"": 8.0, ""required_sharpness"": 0.55, ""required_stiffness"": 0.45, ""spill_ml"": 60, ""stack_load_g"": 600, ""temperature_c"": 85, ""volume_ml"": 200}",standard_parallel_jaw
saved_test_correct,typical,bowl,carry_hot,risk_aware_eatl,0,0,0.0000,"risk_aware_eatl(reject,p=0.15)","{""absorbency_ml"": 10, ""capacity_ml"": 507, ""concave"": true, ""crush_limit_n"": 50, ""edge_stiffness"": 0.2, ""flat_top"": false, ""friction"": 0.6817316853989701, ""grippable"": true, ""has_handle"": false, ""has_hole"": false, ""heat_resistant"": true, ""label"": ""bowl"", ""load_capacity_g"": 1200, ""mass_g"": 446, ""porous"": false, ""pour_lip"": false, ""sharpness"": 0.02, ""stable_base"": true, ""surface_fragility"": 0.12, ""wet"": false}","{""grip_force_n"": 18.0, ""gripper_limit_g"": 900, ""load_g"": 1000, ""push_force_n"": 8.0, ""required_sharpness"": 0.55, ""required_stiffness"": 0.45, ""spill_ml"": 60, ""stack_load_g"": 600, ""temperature_c"": 85, ""volume_ml"": 200}",standard_parallel_jaw
unsafe_false_positive,typical,bowl,carry_hot,random_test_control,0,1,0.0650,irrelevant_random_probe,"{""absorbency_ml"": 10, ""capacity_ml"": 507, ""concave"": true, ""crush_limit_n"": 50, ""edge_stiffness"": 0.2, ""flat_top"": false, ""friction"": 0.6817316853989701, ""grippable"": true, ""has_handle"": false, ""has_hole"": false, ""heat_resistant"": true, ""label"": ""bowl"", ""load_capacity_g"": 1200, ""mass_g"": 446, ""porous"": false, ""pour_lip"": false, ""sharpness"": 0.02, ""stable_base"": true, ""surface_fragility"": 0.12, ""wet"": false}","{""grip_force_n"": 18.0, ""gripper_limit_g"": 900, ""load_g"": 1000, ""push_force_n"": 8.0, ""required_sharpness"": 0.55, ""required_stiffness"": 0.45, ""spill_ml"": 60, ""stack_load_g"": 600, ""temperature_c"": 85, ""volume_ml"": 200}",standard_parallel_jaw
saved_test_correct,typical,bowl,pour_without_spill,risk_aware_eatl,0,0,0.0000,"risk_aware_eatl(reject,p=0.14)","{""absorbency_ml"": 10, ""capacity_ml"": 507, ""concave"": true, ""crush_limit_n"": 50, ""edge_stiffness"": 0.2, ""flat_top"": false, ""friction"": 0.6817316853989701, ""grippable"": true, ""has_handle"": false, ""has_hole"": false, ""heat_resistant"": true, ""label"": ""bowl"", ""load_capacity_g"": 1200, ""mass_g"": 446, ""porous"": false, ""pour_lip"": false, ""sharpness"": 0.02, ""stable_base"": true, ""surface_fragility"": 0.12, ""wet"": false}","{""grip_force_n"": 18.0, ""gripper_limit_g"": 900, ""load_g"": 1000, ""push_force_n"": 8.0, ""required_sharpness"": 0.55, ""required_stiffness"": 0.45, ""spill_ml"": 60, ""stack_load_g"": 600, ""temperature_c"": 85, ""volume_ml"": 200}",standard_parallel_jaw
saved_test_correct,typical,bowl,stack_safely,risk_aware_eatl,0,0,0.0000,"risk_aware_eatl(reject,p=0.15)","{""absorbency_ml"": 10, ""capacity_ml"": 507, ""concave"": true, ""crush_limit_n"": 50, ""edge_stiffness"": 0.2, ""flat_top"": false, ""friction"": 0.6817316853989701, ""grippable"": true, ""has_handle"": false, ""has_hole"": false, ""heat_resistant"": true, ""label"": ""bowl"", ""load_capacity_g"": 1200, ""mass_g"": 446, ""porous"": false, ""pour_lip"": false, ""sharpness"": 0.02, ""stable_base"": true, ""surface_fragility"": 0.12, ""wet"": false}","{""grip_force_n"": 18.0, ""gripper_limit_g"": 900, ""load_g"": 1000, ""push_force_n"": 8.0, ""required_sharpness"": 0.55, ""required_stiffness"": 0.45, ""spill_ml"": 60, ""stack_load_g"": 600, ""temperature_c"": 85, ""volume_ml"": 200}",standard_parallel_jaw
unsafe_false_positive,typical,bowl,stack_safely,random_test_control,0,1,0.0715,irrelevant_random_probe,"{""absorbency_ml"": 10, ""capacity_ml"": 507, ""concave"": true, ""crush_limit_n"": 50, ""edge_stiffness"": 0.2, ""flat_top"": false, ""friction"": 0.6817316853989701, ""grippable"": true, ""has_handle"": false, ""has_hole"": false, ""heat_resistant"": true, ""label"": ""bowl"", ""load_capacity_g"": 1200, ""mass_g"": 446, ""porous"": false, ""pour_lip"": false, ""sharpness"": 0.02, ""stable_base"": true, ""surface_fragility"": 0.12, ""wet"": false}","{""grip_force_n"": 18.0, ""gripper_limit_g"": 900, ""load_g"": 1000, ""push_force_n"": 8.0, ""required_sharpness"": 0.55, ""required_stiffness"": 0.45, ""spill_ml"": 60, ""stack_load_g"": 600, ""temperature_c"": 85, ""volume_ml"": 200}",standard_parallel_jaw
avoidable_false_negative,typical,bowl,push_without_sliding,random_test_control,1,0,0.0585,irrelevant_random_probe,"{""absorbency_ml"": 10, ""capacity_ml"": 507, ""concave"": true, ""crush_limit_n"": 50, ""edge_stiffness"": 0.2, ""flat_top"": false, ""friction"": 0.6817316853989701, ""grippable"": true, ""has_handle"": false, ""has_hole"": false, ""heat_resistant"": true, ""label"": ""bowl"", ""load_capacity_g"": 1200, ""mass_g"": 446, ""porous"": false, ""pour_lip"": false, ""sharpness"": 0.02, ""stable_base"": true, ""surface_fragility"": 0.12, ""wet"": false}","{""grip_force_n"": 18.0, ""gripper_limit_g"": 900, ""load_g"": 1000, ""push_force_n"": 8.0, ""required_sharpness"": 0.55, ""required_stiffness"": 0.45, ""spill_ml"": 60, ""stack_load_g"": 600, ""temperature_c"": 85, ""volume_ml"": 200}",standard_parallel_jaw
abstention,typical,bowl,grasp_without_crushing,conservative_prior,1,abstain,0.0000,conservative_prior(abstain),"{""absorbency_ml"": 10, ""capacity_ml"": 507, ""concave"": true, ""crush_limit_n"": 50, ""edge_stiffness"": 0.2, ""flat_top"": false, ""friction"": 0.6817316853989701, ""grippable"": true, ""has_handle"": false, ""has_hole"": false, ""heat_resistant"": true, ""label"": ""bowl"", ""load_capacity_g"": 1200, ""mass_g"": 446, ""porous"": false, ""pour_lip"": false, ""sharpness"": 0.02, ""stable_base"": true, ""surface_fragility"": 0.12, ""wet"": false}","{""grip_force_n"": 18.0, ""gripper_limit_g"": 900, ""load_g"": 1000, ""push_force_n"": 8.0, ""required_sharpness"": 0.55, ""required_stiffness"": 0.45, ""spill_ml"": 60, ""stack_load_g"": 600, ""temperature_c"": 85, ""volume_ml"": 200}",standard_parallel_jaw
avoidable_false_negative,typical,bowl,grasp_without_crushing,random_test_control,1,0,0.0650,irrelevant_random_probe,"{""absorbency_ml"": 10, ""capacity_ml"": 507, ""concave"": true, ""crush_limit_n"": 50, ""edge_stiffness"": 0.2, ""flat_top"": false, ""friction"": 0.6817316853989701, ""grippable"": true, ""has_handle"": false, ""has_hole"": false, ""heat_resistant"": true, ""label"": ""bowl"", ""load_capacity_g"": 1200, ""mass_g"": 446, ""porous"": false, ""pour_lip"": false, ""sharpness"": 0.02, ""stable_base"": true, ""surface_fragility"": 0.12, ""wet"": false}","{""grip_force_n"": 18.0, ""gripper_limit_g"": 900, ""load_g"": 1000, ""push_force_n"": 8.0, ""required_sharpness"": 0.55, ""required_stiffness"": 0.45, ""spill_ml"": 60, ""stack_load_g"": 600, ""temperature_c"": 85, ""volume_ml"": 200}",standard_parallel_jaw
unsafe_false_positive,typical,sieve,contain_liquid,passive_vision_proxy,0,1,0.0000,passive_vision_proxy(p=0.85),"{""absorbency_ml"": 20, ""capacity_ml"": 471, ""concave"": true, ""crush_limit_n"": 32, ""edge_stiffness"": 0.15, ""flat_top"": false, ""friction"": 0.6212190396267574, ""grippable"": true, ""has_handle"": false, ""has_hole"": true, ""heat_resistant"": true, ""label"": ""sieve"", ""load_capacity_g"": 300, ""mass_g"": 190, ""porous"": true, ""pour_lip"": false, ""sharpness"": 0.02, ""stable_base"": true, ""surface_fragility"": 0.2, ""wet"": false}","{""grip_force_n"": 18.0, ""gripper_limit_g"": 900, ""load_g"": 1000, ""push_force_n"": 8.0, ""required_sharpness"": 0.55, ""required_stiffness"": 0.45, ""spill_ml"": 60, ""stack_load_g"": 600, ""temperature_c"": 85, ""volume_ml"": 200}",standard_parallel_jaw
abstention,typical,sieve,contain_liquid,uncertainty_vision_proxy,0,abstain,0.0000,"uncertainty_vision_proxy(abstain,p=0.46)","{""absorbency_ml"": 20, ""capacity_ml"": 471, ""concave"": true, ""crush_limit_n"": 32, ""edge_stiffness"": 0.15, ""flat_top"": false, ""friction"": 0.6212190396267574, ""grippable"": true, ""has_handle"": false, ""has_hole"": true, ""heat_resistant"": true, ""label"": ""sieve"", ""load_capacity_g"": 300, ""mass_g"": 190, ""porous"": true, ""pour_lip"": false, ""sharpness"": 0.02, ""stable_base"": true, ""surface_fragility"": 0.2, ""wet"": false}","{""grip_force_n"": 18.0, ""gripper_limit_g"": 900, ""load_g"": 1000, ""push_force_n"": 8.0, ""required_sharpness"": 0.55, ""required_stiffness"": 0.45, ""spill_ml"": 60, ""stack_load_g"": 600, ""temperature_c"": 85, ""volume_ml"": 200}",standard_parallel_jaw
avoidable_false_negative,typical,sieve,lift,random_test_control,1,0,0.0520,irrelevant_random_probe,"{""absorbency_ml"": 20, ""capacity_ml"": 471, ""concave"": true, ""crush_limit_n"": 32, ""edge_stiffness"": 0.15, ""flat_top"": false, ""friction"": 0.6212190396267574, ""grippable"": true, ""has_handle"": false, ""has_hole"": true, ""heat_resistant"": true, ""label"": ""sieve"", ""load_capacity_g"": 300, ""mass_g"": 190, ""porous"": true, ""pour_lip"": false, ""sharpness"": 0.02, ""stable_base"": true, ""surface_fragility"": 0.2, ""wet"": false}","{""grip_force_n"": 18.0, ""gripper_limit_g"": 900, ""load_g"": 1000, ""push_force_n"": 8.0, ""required_sharpness"": 0.55, ""required_stiffness"": 0.45, ""spill_ml"": 60, ""stack_load_g"": 600, ""temperature_c"": 85, ""volume_ml"": 200}",standard_parallel_jaw
saved_test_correct,typical,sieve,support_load,risk_aware_eatl,0,0,0.0000,"risk_aware_eatl(reject,p=0.06)","{""absorbency_ml"": 20, ""capacity_ml"": 471, ""concave"": true, ""crush_limit_n"": 32, ""edge_stiffness"": 0.15, ""flat_top"": false, ""friction"": 0.6212190396267574, ""grippable"": true, ""has_handle"": false, ""has_hole"": true, ""heat_resistant"": true, ""label"": ""sieve"", ""load_capacity_g"": 300, ""mass_g"": 190, ""porous"": true, ""pour_lip"": false, ""sharpness"": 0.02, ""stable_base"": true, ""surface_fragility"": 0.2, ""wet"": false}","{""grip_force_n"": 18.0, ""gripper_limit_g"": 900, ""load_g"": 1000, ""push_force_n"": 8.0, ""required_sharpness"": 0.55, ""required_stiffness"": 0.45, ""spill_ml"": 60, ""stack_load_g"": 600, ""temperature_c"": 85, ""volume_ml"": 200}",standard_parallel_jaw
unsafe_false_positive,typical,sieve,support_load,random_test_control,0,1,0.0845,irrelevant_random_probe,"{""absorbency_ml"": 20, ""capacity_ml"": 471, ""concave"": true, ""crush_limit_n"": 32, ""edge_stiffness"": 0.15, ""flat_top"": false, ""friction"": 0.6212190396267574, ""grippable"": true, ""has_handle"": false, ""has_hole"": true, ""heat_resistant"": true, ""label"": ""sieve"", ""load_capacity_g"": 300, ""mass_g"": 190, ""porous"": true, ""pour_lip"": false, ""sharpness"": 0.02, ""stable_base"": true, ""surface_fragility"": 0.2, ""wet"": false}","{""grip_force_n"": 18.0, ""gripper_limit_g"": 900, ""load_g"": 1000, ""push_force_n"": 8.0, ""required_sharpness"": 0.55, ""required_stiffness"": 0.45, ""spill_ml"": 60, ""stack_load_g"": 600, ""temperature_c"": 85, ""volume_ml"": 200}",standard_parallel_jaw
unsafe_false_positive,typical,sieve,wipe_spill,passive_vision_proxy,0,1,0.0000,passive_vision_proxy(p=0.77),"{""absorbency_ml"": 20, ""capacity_ml"": 471, ""concave"": true, ""crush_limit_n"": 32, ""edge_stiffness"": 0.15, ""flat_top"": false, ""friction"": 0.6212190396267574, ""grippable"": true, ""has_handle"": false, ""has_hole"": true, ""heat_resistant"": true, ""label"": ""sieve"", ""load_capacity_g"": 300, ""mass_g"": 190, ""porous"": true, ""pour_lip"": false, ""sharpness"": 0.02, ""stable_base"": true, ""surface_fragility"": 0.2, ""wet"": false}","{""grip_force_n"": 18.0, ""gripper_limit_g"": 900, ""load_g"": 1000, ""push_force_n"": 8.0, ""required_sharpness"": 0.55, ""required_stiffness"": 0.45, ""spill_ml"": 60, ""stack_load_g"": 600, ""temperature_c"": 85, ""volume_ml"": 200}",standard_parallel_jaw
abstention,typical,sieve,wipe_spill,uncertainty_vision_proxy,0,abstain,0.0000,"uncertainty_vision_proxy(abstain,p=0.43)","{""absorbency_ml"": 20, ""capacity_ml"": 471, ""concave"": true, ""crush_limit_n"": 32, ""edge_stiffness"": 0.15, ""flat_top"": false, ""friction"": 0.6212190396267574, ""grippable"": true, ""has_handle"": false, ""has_hole"": true, ""heat_resistant"": true, ""label"": ""sieve"", ""load_capacity_g"": 300, ""mass_g"": 190, ""porous"": true, ""pour_lip"": false, ""sharpness"": 0.02, ""stable_base"": true, ""surface_fragility"": 0.2, ""wet"": false}","{""grip_force_n"": 18.0, ""gripper_limit_g"": 900, ""load_g"": 1000, ""push_force_n"": 8.0, ""required_sharpness"": 0.55, ""required_stiffness"": 0.45, ""spill_ml"": 60, ""stack_load_g"": 600, ""temperature_c"": 85, ""volume_ml"": 200}",standard_parallel_jaw
unsafe_false_positive,typical,sieve,wipe_spill,random_test_control,0,1,0.0455,irrelevant_random_probe,"{""absorbency_ml"": 20, ""capacity_ml"": 471, ""concave"": true, ""crush_limit_n"": 32, ""edge_stiffness"": 0.15, ""flat_top"": false, ""friction"": 0.6212190396267574, ""grippable"": true, ""has_handle"": false, ""has_hole"": true, ""heat_resistant"": true, ""label"": ""sieve"", ""load_capacity_g"": 300, ""mass_g"": 190, ""porous"": true, ""pour_lip"": false, ""sharpness"": 0.02, ""stable_base"": true, ""surface_fragility"": 0.2, ""wet"": false}","{""grip_force_n"": 18.0, ""gripper_limit_g"": 900, ""load_g"": 1000, ""push_force_n"": 8.0, ""required_sharpness"": 0.55, ""required_stiffness"": 0.45, ""spill_ml"": 60, ""stack_load_g"": 600, ""temperature_c"": 85, ""volume_ml"": 200}",standard_parallel_jaw
saved_test_correct,typical,sieve,carry_hot,risk_aware_eatl,0,0,0.0000,"risk_aware_eatl(reject,p=0.17)","{""absorbency_ml"": 20, ""capacity_ml"": 471, ""concave"": true, ""crush_limit_n"": 32, ""edge_stiffness"": 0.15, ""flat_top"": false, ""friction"": 0.6212190396267574, ""grippable"": true, ""has_handle"": false, ""has_hole"": true, ""heat_resistant"": true, ""label"": ""sieve"", ""load_capacity_g"": 300, ""mass_g"": 190, ""porous"": true, ""pour_lip"": false, ""sharpness"": 0.02, ""stable_base"": true, ""surface_fragility"": 0.2, ""wet"": false}","{""grip_force_n"": 18.0, ""gripper_limit_g"": 900, ""load_g"": 1000, ""push_force_n"": 8.0, ""required_sharpness"": 0.55, ""required_stiffness"": 0.45, ""spill_ml"": 60, ""stack_load_g"": 600, ""temperature_c"": 85, ""volume_ml"": 200}",standard_parallel_jaw
saved_test_correct,typical,sieve,pour_without_spill,risk_aware_eatl,0,0,0.0000,"risk_aware_eatl(reject,p=0.06)","{""absorbency_ml"": 20, ""capacity_ml"": 471, ""concave"": true, ""crush_limit_n"": 32, ""edge_stiffness"": 0.15, ""flat_top"": false, ""friction"": 0.6212190396267574, ""grippable"": true, ""has_handle"": false, ""has_hole"": true, ""heat_resistant"": true, ""label"": ""sieve"", ""load_capacity_g"": 300, ""mass_g"": 190, ""porous"": true, ""pour_lip"": false, ""sharpness"": 0.02, ""stable_base"": true, ""surface_fragility"": 0.2, ""wet"": false}","{""grip_force_n"": 18.0, ""gripper_limit_g"": 900, ""load_g"": 1000, ""push_force_n"": 8.0, ""required_sharpness"": 0.55, ""required_stiffness"": 0.45, ""spill_ml"": 60, ""stack_load_g"": 600, ""temperature_c"": 85, ""volume_ml"": 200}",standard_parallel_jaw
saved_test_correct,typical,sieve,stack_safely,risk_aware_eatl,0,0,0.0000,"risk_aware_eatl(reject,p=0.06)","{""absorbency_ml"": 20, ""capacity_ml"": 471, ""concave"": true, ""crush_limit_n"": 32, ""edge_stiffness"": 0.15, ""flat_top"": false, ""friction"": 0.6212190396267574, ""grippable"": true, ""has_handle"": false, ""has_hole"": true, ""heat_resistant"": true, ""label"": ""sieve"", ""load_capacity_g"": 300, ""mass_g"": 190, ""porous"": true, ""pour_lip"": false, ""sharpness"": 0.02, ""stable_base"": true, ""surface_fragility"": 0.2, ""wet"": false}","{""grip_force_n"": 18.0, ""gripper_limit_g"": 900, ""load_g"": 1000, ""push_force_n"": 8.0, ""required_sharpness"": 0.55, ""required_stiffness"": 0.45, ""spill_ml"": 60, ""stack_load_g"": 600, ""temperature_c"": 85, ""volume_ml"": 200}",standard_parallel_jaw
unsafe_false_positive,typical,sieve,stack_safely,random_test_control,0,1,0.0715,irrelevant_random_probe,"{""absorbency_ml"": 20, ""capacity_ml"": 471, ""concave"": true, ""crush_limit_n"": 32, ""edge_stiffness"": 0.15, ""flat_top"": false, ""friction"": 0.6212190396267574, ""grippable"": true, ""has_handle"": false, ""has_hole"": true, ""heat_resistant"": true, ""label"": ""sieve"", ""load_capacity_g"": 300, ""mass_g"": 190, ""porous"": true, ""pour_lip"": false, ""sharpness"": 0.02, ""stable_base"": true, ""surface_fragility"": 0.2, ""wet"": false}","{""grip_force_n"": 18.0, ""gripper_limit_g"": 900, ""load_g"": 1000, ""push_force_n"": 8.0, ""required_sharpness"": 0.55, ""required_stiffness"": 0.45, ""spill_ml"": 60, ""stack_load_g"": 600, ""temperature_c"": 85, ""volume_ml"": 200}",standard_parallel_jaw
avoidable_false_negative,typical,sieve,push_without_sliding,random_test_control,1,0,0.0585,irrelevant_random_probe,"{""absorbency_ml"": 20, ""capacity_ml"": 471, ""concave"": true, ""crush_limit_n"": 32, ""edge_stiffness"": 0.15, ""flat_top"": false, ""friction"": 0.6212190396267574, ""grippable"": true, ""has_handle"": false, ""has_hole"": true, ""heat_resistant"": true, ""label"": ""sieve"", ""load_capacity_g"": 300, ""mass_g"": 190, ""porous"": true, ""pour_lip"": false, ""sharpness"": 0.02, ""stable_base"": true, ""surface_fragility"": 0.2, ""wet"": false}","{""grip_force_n"": 18.0, ""gripper_limit_g"": 900, ""load_g"": 1000, ""push_force_n"": 8.0, ""required_sharpness"": 0.55, ""required_stiffness"": 0.45, ""spill_ml"": 60, ""stack_load_g"": 600, ""temperature_c"": 85, ""volume_ml"": 200}",standard_parallel_jaw
abstention,typical,sieve,grasp_without_crushing,conservative_prior,1,abstain,0.0000,conservative_prior(abstain),"{""absorbency_ml"": 20, ""capacity_ml"": 471, ""concave"": true, ""crush_limit_n"": 32, ""edge_stiffness"": 0.15, ""flat_top"": false, ""friction"": 0.6212190396267574, ""grippable"": true, ""has_handle"": false, ""has_hole"": true, ""heat_resistant"": true, ""label"": ""sieve"", ""load_capacity_g"": 300, ""mass_g"": 190, ""porous"": true, ""pour_lip"": false, ""sharpness"": 0.02, ""stable_base"": true, ""surface_fragility"": 0.2, ""wet"": false}","{""grip_force_n"": 18.0, ""gripper_limit_g"": 900, ""load_g"": 1000, ""push_force_n"": 8.0, ""required_sharpness"": 0.55, ""required_stiffness"": 0.45, ""spill_ml"": 60, ""stack_load_g"": 600, ""temperature_c"": 85, ""volume_ml"": 200}",standard_parallel_jaw
saved_test_correct,typical,knife,contain_liquid,risk_aware_eatl,0,0,0.0000,"risk_aware_eatl(reject,p=0.17)","{""absorbency_ml"": 0, ""capacity_ml"": 0, ""concave"": false, ""crush_limit_n"": 70, ""edge_stiffness"": 0.88, ""flat_top"": false, ""friction"": 0.5692095942465676, ""grippable"": true, ""has_handle"": true, ""has_hole"": false, ""heat_resistant"": true, ""label"": ""knife"", ""load_capacity_g"": 80, ""mass_g"": 143, ""porous"": false, ""pour_lip"": false, ""sharpness"": 0.94, ""stable_base"": false, ""surface_fragility"": 0.35, ""wet"": false}","{""grip_force_n"": 18.0, ""gripper_limit_g"": 900, ""load_g"": 1000, ""push_force_n"": 8.0, ""required_sharpness"": 0.55, ""required_stiffness"": 0.45, ""spill_ml"": 60, ""stack_load_g"": 600, ""temperature_c"": 85, ""volume_ml"": 200}",standard_parallel_jaw
avoidable_false_negative,typical,knife,lift,risk_aware_eatl,1,0,0.0800,"trial_lift(mass=143, limit=900, friction=0.57)","{""absorbency_ml"": 0, ""capacity_ml"": 0, ""concave"": false, ""crush_limit_n"": 70, ""edge_stiffness"": 0.88, ""flat_top"": false, ""friction"": 0.5692095942465676, ""grippable"": true, ""has_handle"": true, ""has_hole"": false, ""heat_resistant"": true, ""label"": ""knife"", ""load_capacity_g"": 80, ""mass_g"": 143, ""porous"": false, ""pour_lip"": false, ""sharpness"": 0.94, ""stable_base"": false, ""surface_fragility"": 0.35, ""wet"": false}","{""grip_force_n"": 18.0, ""gripper_limit_g"": 900, ""load_g"": 1000, ""push_force_n"": 8.0, ""required_sharpness"": 0.55, ""required_stiffness"": 0.45, ""spill_ml"": 60, ""stack_load_g"": 600, ""temperature_c"": 85, ""volume_ml"": 200}",standard_parallel_jaw
avoidable_false_negative,typical,knife,lift,random_test_control,1,0,0.0520,irrelevant_random_probe,"{""absorbency_ml"": 0, ""capacity_ml"": 0, ""concave"": false, ""crush_limit_n"": 70, ""edge_stiffness"": 0.88, ""flat_top"": false, ""friction"": 0.5692095942465676, ""grippable"": true, ""has_handle"": true, ""has_hole"": false, ""heat_resistant"": true, ""label"": ""knife"", ""load_capacity_g"": 80, ""mass_g"": 143, ""porous"": false, ""pour_lip"": false, ""sharpness"": 0.94, ""stable_base"": false, ""surface_fragility"": 0.35, ""wet"": false}","{""grip_force_n"": 18.0, ""gripper_limit_g"": 900, ""load_g"": 1000, ""push_force_n"": 8.0, ""required_sharpness"": 0.55, ""required_stiffness"": 0.45, ""spill_ml"": 60, ""stack_load_g"": 600, ""temperature_c"": 85, ""volume_ml"": 200}",standard_parallel_jaw
saved_test_correct,typical,knife,support_load,risk_aware_eatl,0,0,0.0000,"risk_aware_eatl(reject,p=0.06)","{""absorbency_ml"": 0, ""capacity_ml"": 0, ""concave"": false, ""crush_limit_n"": 70, ""edge_stiffness"": 0.88, ""flat_top"": false, ""friction"": 0.5692095942465676, ""grippable"": true, ""has_handle"": true, ""has_hole"": false, ""heat_resistant"": true, ""label"": ""knife"", ""load_capacity_g"": 80, ""mass_g"": 143, ""porous"": false, ""pour_lip"": false, ""sharpness"": 0.94, ""stable_base"": false, ""surface_fragility"": 0.35, ""wet"": false}","{""grip_force_n"": 18.0, ""gripper_limit_g"": 900, ""load_g"": 1000, ""push_force_n"": 8.0, ""required_sharpness"": 0.55, ""required_stiffness"": 0.45, ""spill_ml"": 60, ""stack_load_g"": 600, ""temperature_c"": 85, ""volume_ml"": 200}",standard_parallel_jaw
unsafe_false_positive,typical,knife,support_load,random_test_control,0,1,0.0845,irrelevant_random_probe,"{""absorbency_ml"": 0, ""capacity_ml"": 0, ""concave"": false, ""crush_limit_n"": 70, ""edge_stiffness"": 0.88, ""flat_top"": false, ""friction"": 0.5692095942465676, ""grippable"": true, ""has_handle"": true, ""has_hole"": false, ""heat_resistant"": true, ""label"": ""knife"", ""load_capacity_g"": 80, ""mass_g"": 143, ""porous"": false, ""pour_lip"": false, ""sharpness"": 0.94, ""stable_base"": false, ""surface_fragility"": 0.35, ""wet"": false}","{""grip_force_n"": 18.0, ""gripper_limit_g"": 900, ""load_g"": 1000, ""push_force_n"": 8.0, ""required_sharpness"": 0.55, ""required_stiffness"": 0.45, ""spill_ml"": 60, ""stack_load_g"": 600, ""temperature_c"": 85, ""volume_ml"": 200}",standard_parallel_jaw
saved_test_correct,typical,knife,wipe_spill,risk_aware_eatl,0,0,0.0000,"risk_aware_eatl(reject,p=0.06)","{""absorbency_ml"": 0, ""capacity_ml"": 0, ""concave"": false, ""crush_limit_n"": 70, ""edge_stiffness"": 0.88, ""flat_top"": false, ""friction"": 0.5692095942465676, ""grippable"": true, ""has_handle"": true, ""has_hole"": false, ""heat_resistant"": true, ""label"": ""knife"", ""load_capacity_g"": 80, ""mass_g"": 143, ""porous"": false, ""pour_lip"": false, ""sharpness"": 0.94, ""stable_base"": false, ""surface_fragility"": 0.35, ""wet"": false}","{""grip_force_n"": 18.0, ""gripper_limit_g"": 900, ""load_g"": 1000, ""push_force_n"": 8.0, ""required_sharpness"": 0.55, ""required_stiffness"": 0.45, ""spill_ml"": 60, ""stack_load_g"": 600, ""temperature_c"": 85, ""volume_ml"": 200}",standard_parallel_jaw
unsafe_false_positive,typical,knife,wipe_spill,random_test_control,0,1,0.0455,irrelevant_random_probe,"{""absorbency_ml"": 0, ""capacity_ml"": 0, ""concave"": false, ""crush_limit_n"": 70, ""edge_stiffness"": 0.88, ""flat_top"": false, ""friction"": 0.5692095942465676, ""grippable"": true, ""has_handle"": true, ""has_hole"": false, ""heat_resistant"": true, ""label"": ""knife"", ""load_capacity_g"": 80, ""mass_g"": 143, ""porous"": false, ""pour_lip"": false, ""sharpness"": 0.94, ""stable_base"": false, ""surface_fragility"": 0.35, ""wet"": false}","{""grip_force_n"": 18.0, ""gripper_limit_g"": 900, ""load_g"": 1000, ""push_force_n"": 8.0, ""required_sharpness"": 0.55, ""required_stiffness"": 0.45, ""spill_ml"": 60, ""stack_load_g"": 600, ""temperature_c"": 85, ""volume_ml"": 200}",standard_parallel_jaw
abstention,typical,knife,carry_hot,conservative_prior,1,abstain,0.0000,conservative_prior(abstain),"{""absorbency_ml"": 0, ""capacity_ml"": 0, ""concave"": false, ""crush_limit_n"": 70, ""edge_stiffness"": 0.88, ""flat_top"": false, ""friction"": 0.5692095942465676, ""grippable"": true, ""has_handle"": true, ""has_hole"": false, ""heat_resistant"": true, ""label"": ""knife"", ""load_capacity_g"": 80, ""mass_g"": 143, ""porous"": false, ""pour_lip"": false, ""sharpness"": 0.94, ""stable_base"": false, ""surface_fragility"": 0.35, ""wet"": false}","{""grip_force_n"": 18.0, ""gripper_limit_g"": 900, ""load_g"": 1000, ""push_force_n"": 8.0, ""required_sharpness"": 0.55, ""required_stiffness"": 0.45, ""spill_ml"": 60, ""stack_load_g"": 600, ""temperature_c"": 85, ""volume_ml"": 200}",standard_parallel_jaw
avoidable_false_negative,typical,knife,carry_hot,random_test_control,1,0,0.0650,irrelevant_random_probe,"{""absorbency_ml"": 0, ""capacity_ml"": 0, ""concave"": false, ""crush_limit_n"": 70, ""edge_stiffness"": 0.88, ""flat_top"": false, ""friction"": 0.5692095942465676, ""grippable"": true, ""has_handle"": true, ""has_hole"": false, ""heat_resistant"": true, ""label"": ""knife"", ""load_capacity_g"": 80, ""mass_g"": 143, ""porous"": false, ""pour_lip"": false, ""sharpness"": 0.94, ""stable_base"": false, ""surface_fragility"": 0.35, ""wet"": false}","{""grip_force_n"": 18.0, ""gripper_limit_g"": 900, ""load_g"": 1000, ""push_force_n"": 8.0, ""required_sharpness"": 0.55, ""required_stiffness"": 0.45, ""spill_ml"": 60, ""stack_load_g"": 600, ""temperature_c"": 85, ""volume_ml"": 200}",standard_parallel_jaw
saved_test_correct,typical,knife,pour_without_spill,risk_aware_eatl,0,0,0.0000,"risk_aware_eatl(reject,p=0.16)","{""absorbency_ml"": 0, ""capacity_ml"": 0, ""concave"": false, ""crush_limit_n"": 70, ""edge_stiffness"": 0.88, ""flat_top"": false, ""friction"": 0.5692095942465676, ""grippable"": true, ""has_handle"": true, ""has_hole"": false, ""heat_resistant"": true, ""label"": ""knife"", ""load_capacity_g"": 80, ""mass_g"": 143, ""porous"": false, ""pour_lip"": false, ""sharpness"": 0.94, ""stable_base"": false, ""surface_fragility"": 0.35, ""wet"": false}","{""grip_force_n"": 18.0, ""gripper_limit_g"": 900, ""load_g"": 1000, ""push_force_n"": 8.0, ""required_sharpness"": 0.55, ""required_stiffness"": 0.45, ""spill_ml"": 60, ""stack_load_g"": 600, ""temperature_c"": 85, ""volume_ml"": 200}",standard_parallel_jaw
saved_test_correct,typical,knife,stack_safely,risk_aware_eatl,0,0,0.0000,"risk_aware_eatl(reject,p=0.06)","{""absorbency_ml"": 0, ""capacity_ml"": 0, ""concave"": false, ""crush_limit_n"": 70, ""edge_stiffness"": 0.88, ""flat_top"": false, ""friction"": 0.5692095942465676, ""grippable"": true, ""has_handle"": true, ""has_hole"": false, ""heat_resistant"": true, ""label"": ""knife"", ""load_capacity_g"": 80, ""mass_g"": 143, ""porous"": false, ""pour_lip"": false, ""sharpness"": 0.94, ""stable_base"": false, ""surface_fragility"": 0.35, ""wet"": false}","{""grip_force_n"": 18.0, ""gripper_limit_g"": 900, ""load_g"": 1000, ""push_force_n"": 8.0, ""required_sharpness"": 0.55, ""required_stiffness"": 0.45, ""spill_ml"": 60, ""stack_load_g"": 600, ""temperature_c"": 85, ""volume_ml"": 200}",standard_parallel_jaw
saved_test_correct,typical,knife,push_without_sliding,risk_aware_eatl,0,0,0.0000,"risk_aware_eatl(reject,p=0.18)","{""absorbency_ml"": 0, ""capacity_ml"": 0, ""concave"": false, ""crush_limit_n"": 70, ""edge_stiffness"": 0.88, ""flat_top"": false, ""friction"": 0.5692095942465676, ""grippable"": true, ""has_handle"": true, ""has_hole"": false, ""heat_resistant"": true, ""label"": ""knife"", ""load_capacity_g"": 80, ""mass_g"": 143, ""porous"": false, ""pour_lip"": false, ""sharpness"": 0.94, ""stable_base"": false, ""surface_fragility"": 0.35, ""wet"": false}","{""grip_force_n"": 18.0, ""gripper_limit_g"": 900, ""load_g"": 1000, ""push_force_n"": 8.0, ""required_sharpness"": 0.55, ""required_stiffness"": 0.45, ""spill_ml"": 60, ""stack_load_g"": 600, ""temperature_c"": 85, ""volume_ml"": 200}",standard_parallel_jaw
abstention,typical,knife,grasp_without_crushing,conservative_prior,1,abstain,0.0000,conservative_prior(abstain),"{""absorbency_ml"": 0, ""capacity_ml"": 0, ""concave"": false, ""crush_limit_n"": 70, ""edge_stiffness"": 0.88, ""flat_top"": false, ""friction"": 0.5692095942465676, ""grippable"": true, ""has_handle"": true, ""has_hole"": false, ""heat_resistant"": true, ""label"": ""knife"", ""load_capacity_g"": 80, ""mass_g"": 143, ""porous"": false, ""pour_lip"": false, ""sharpness"": 0.94, ""stable_base"": false, ""surface_fragility"": 0.35, ""wet"": false}","{""grip_force_n"": 18.0, ""gripper_limit_g"": 900, ""load_g"": 1000, ""push_force_n"": 8.0, ""required_sharpness"": 0.55, ""required_stiffness"": 0.45, ""spill_ml"": 60, ""stack_load_g"": 600, ""temperature_c"": 85, ""volume_ml"": 200}",standard_parallel_jaw
unsafe_false_positive,typical,spoon,contain_liquid,random_test_control,0,1,0.0650,irrelevant_random_probe,"{""absorbency_ml"": 0, ""capacity_ml"": 21, ""concave"": true, ""crush_limit_n"": 40, ""edge_stiffness"": 0.55, ""flat_top"": false, ""friction"": 0.5248867306362063, ""grippable"": true, ""has_handle"": true, ""has_hole"": false, ""heat_resistant"": true, ""label"": ""spoon"", ""load_capacity_g"": 40, ""mass_g"": 75, ""porous"": false, ""pour_lip"": true, ""sharpness"": 0.07, ""stable_base"": false, ""surface_fragility"": 0.1, ""wet"": false}","{""grip_force_n"": 18.0, ""gripper_limit_g"": 900, ""load_g"": 1000, ""push_force_n"": 8.0, ""required_sharpness"": 0.55, ""required_stiffness"": 0.45, ""spill_ml"": 60, ""stack_load_g"": 600, ""temperature_c"": 85, ""volume_ml"": 200}",standard_parallel_jaw
avoidable_false_negative,typical,spoon,lift,random_test_control,1,0,0.0520,irrelevant_random_probe,"{""absorbency_ml"": 0, ""capacity_ml"": 21, ""concave"": true, ""crush_limit_n"": 40, ""edge_stiffness"": 0.55, ""flat_top"": false, ""friction"": 0.5248867306362063, ""grippable"": true, ""has_handle"": true, ""has_hole"": false, ""heat_resistant"": true, ""label"": ""spoon"", ""load_capacity_g"": 40, ""mass_g"": 75, ""porous"": false, ""pour_lip"": true, ""sharpness"": 0.07, ""stable_base"": false, ""surface_fragility"": 0.1, ""wet"": false}","{""grip_force_n"": 18.0, ""gripper_limit_g"": 900, ""load_g"": 1000, ""push_force_n"": 8.0, ""required_sharpness"": 0.55, ""required_stiffness"": 0.45, ""spill_ml"": 60, ""stack_load_g"": 600, ""temperature_c"": 85, ""volume_ml"": 200}",standard_parallel_jaw
unsafe_false_positive,typical,spoon,support_load,random_test_control,0,1,0.0845,irrelevant_random_probe,"{""absorbency_ml"": 0, ""capacity_ml"": 21, ""concave"": true, ""crush_limit_n"": 40, ""edge_stiffness"": 0.55, ""flat_top"": false, ""friction"": 0.5248867306362063, ""grippable"": true, ""has_handle"": true, ""has_hole"": false, ""heat_resistant"": true, ""label"": ""spoon"", ""load_capacity_g"": 40, ""mass_g"": 75, ""porous"": false, ""pour_lip"": true, ""sharpness"": 0.07, ""stable_base"": false, ""surface_fragility"": 0.1, ""wet"": false}","{""grip_force_n"": 18.0, ""gripper_limit_g"": 900, ""load_g"": 1000, ""push_force_n"": 8.0, ""required_sharpness"": 0.55, ""required_stiffness"": 0.45, ""spill_ml"": 60, ""stack_load_g"": 600, ""temperature_c"": 85, ""volume_ml"": 200}",standard_parallel_jaw
unsafe_false_positive,typical,spoon,cut_soft_food,passive_vision_proxy,0,1,0.0000,passive_vision_proxy(p=0.72),"{""absorbency_ml"": 0, ""capacity_ml"": 21, ""concave"": true, ""crush_limit_n"": 40, ""edge_stiffness"": 0.55, ""flat_top"": false, ""friction"": 0.5248867306362063, ""grippable"": true, ""has_handle"": true, ""has_hole"": false, ""heat_resistant"": true, ""label"": ""spoon"", ""load_capacity_g"": 40, ""mass_g"": 75, ""porous"": false, ""pour_lip"": true, ""sharpness"": 0.07, ""stable_base"": false, ""surface_fragility"": 0.1, ""wet"": false}","{""grip_force_n"": 18.0, ""gripper_limit_g"": 900, ""load_g"": 1000, ""push_force_n"": 8.0, ""required_sharpness"": 0.55, ""required_stiffness"": 0.45, ""spill_ml"": 60, ""stack_load_g"": 600, ""temperature_c"": 85, ""volume_ml"": 200}",standard_parallel_jaw
unsafe_false_positive,typical,spoon,cut_soft_food,uncertainty_vision_proxy,0,1,0.0000,uncertainty_vision_proxy(p=0.73),"{""absorbency_ml"": 0, ""capacity_ml"": 21, ""concave"": true, ""crush_limit_n"": 40, ""edge_stiffness"": 0.55, ""flat_top"": false, ""friction"": 0.5248867306362063, ""grippable"": true, ""has_handle"": true, ""has_hole"": false, ""heat_resistant"": true, ""label"": ""spoon"", ""load_capacity_g"": 40, ""mass_g"": 75, ""porous"": false, ""pour_lip"": true, ""sharpness"": 0.07, ""stable_base"": false, ""surface_fragility"": 0.1, ""wet"": false}","{""grip_force_n"": 18.0, ""gripper_limit_g"": 900, ""load_g"": 1000, ""push_force_n"": 8.0, ""required_sharpness"": 0.55, ""required_stiffness"": 0.45, ""spill_ml"": 60, ""stack_load_g"": 600, ""temperature_c"": 85, ""volume_ml"": 200}",standard_parallel_jaw
unsafe_false_positive,typical,spoon,cut_soft_food,random_test_control,0,1,0.0780,irrelevant_random_probe,"{""absorbency_ml"": 0, ""capacity_ml"": 21, ""concave"": true, ""crush_limit_n"": 40, ""edge_stiffness"": 0.55, ""flat_top"": false, ""friction"": 0.5248867306362063, ""grippable"": true, ""has_handle"": true, ""has_hole"": false, ""heat_resistant"": true, ""label"": ""spoon"", ""load_capacity_g"": 40, ""mass_g"": 75, ""porous"": false, ""pour_lip"": true, ""sharpness"": 0.07, ""stable_base"": false, ""surface_fragility"": 0.1, ""wet"": false}","{""grip_force_n"": 18.0, ""gripper_limit_g"": 900, ""load_g"": 1000, ""push_force_n"": 8.0, ""required_sharpness"": 0.55, ""required_stiffness"": 0.45, ""spill_ml"": 60, ""stack_load_g"": 600, ""temperature_c"": 85, ""volume_ml"": 200}",standard_parallel_jaw
unsafe_false_positive,typical,spoon,wipe_spill,random_test_control,0,1,0.0455,irrelevant_random_probe,"{""absorbency_ml"": 0, ""capacity_ml"": 21, ""concave"": true, ""crush_limit_n"": 40, ""edge_stiffness"": 0.55, ""flat_top"": false, ""friction"": 0.5248867306362063, ""grippable"": true, ""has_handle"": true, ""has_hole"": false, ""heat_resistant"": true, ""label"": ""spoon"", ""load_capacity_g"": 40, ""mass_g"": 75, ""porous"": false, ""pour_lip"": true, ""sharpness"": 0.07, ""stable_base"": false, ""surface_fragility"": 0.1, ""wet"": false}","{""grip_force_n"": 18.0, ""gripper_limit_g"": 900, ""load_g"": 1000, ""push_force_n"": 8.0, ""required_sharpness"": 0.55, ""required_stiffness"": 0.45, ""spill_ml"": 60, ""stack_load_g"": 600, ""temperature_c"": 85, ""volume_ml"": 200}",standard_parallel_jaw
abstention,typical,spoon,carry_hot,conservative_prior,1,abstain,0.0000,conservative_prior(abstain),"{""absorbency_ml"": 0, ""capacity_ml"": 21, ""concave"": true, ""crush_limit_n"": 40, ""edge_stiffness"": 0.55, ""flat_top"": false, ""friction"": 0.5248867306362063, ""grippable"": true, ""has_handle"": true, ""has_hole"": false, ""heat_resistant"": true, ""label"": ""spoon"", ""load_capacity_g"": 40, ""mass_g"": 75, ""porous"": false, ""pour_lip"": true, ""sharpness"": 0.07, ""stable_base"": false, ""surface_fragility"": 0.1, ""wet"": false}","{""grip_force_n"": 18.0, ""gripper_limit_g"": 900, ""load_g"": 1000, ""push_force_n"": 8.0, ""required_sharpness"": 0.55, ""required_stiffness"": 0.45, ""spill_ml"": 60, ""stack_load_g"": 600, ""temperature_c"": 85, ""volume_ml"": 200}",standard_parallel_jaw
avoidable_false_negative,typical,spoon,carry_hot,random_test_control,1,0,0.0650,irrelevant_random_probe,"{""absorbency_ml"": 0, ""capacity_ml"": 21, ""concave"": true, ""crush_limit_n"": 40, ""edge_stiffness"": 0.55, ""flat_top"": false, ""friction"": 0.5248867306362063, ""grippable"": true, ""has_handle"": true, ""has_hole"": false, ""heat_resistant"": true, ""label"": ""spoon"", ""load_capacity_g"": 40, ""mass_g"": 75, ""porous"": false, ""pour_lip"": true, ""sharpness"": 0.07, ""stable_base"": false, ""surface_fragility"": 0.1, ""wet"": false}","{""grip_force_n"": 18.0, ""gripper_limit_g"": 900, ""load_g"": 1000, ""push_force_n"": 8.0, ""required_sharpness"": 0.55, ""required_stiffness"": 0.45, ""spill_ml"": 60, ""stack_load_g"": 600, ""temperature_c"": 85, ""volume_ml"": 200}",standard_parallel_jaw
abstention,typical,spoon,grasp_without_crushing,conservative_prior,1,abstain,0.0000,conservative_prior(abstain),"{""absorbency_ml"": 0, ""capacity_ml"": 21, ""concave"": true, ""crush_limit_n"": 40, ""edge_stiffness"": 0.55, ""flat_top"": false, ""friction"": 0.5248867306362063, ""grippable"": true, ""has_handle"": true, ""has_hole"": false, ""heat_resistant"": true, ""label"": ""spoon"", ""load_capacity_g"": 40, ""mass_g"": 75, ""porous"": false, ""pour_lip"": true, ""sharpness"": 0.07, ""stable_base"": false, ""surface_fragility"": 0.1, ""wet"": false}","{""grip_force_n"": 18.0, ""gripper_limit_g"": 900, ""load_g"": 1000, ""push_force_n"": 8.0, ""required_sharpness"": 0.55, ""required_stiffness"": 0.45, ""spill_ml"": 60, ""stack_load_g"": 600, ""temperature_c"": 85, ""volume_ml"": 200}",standard_parallel_jaw
avoidable_false_negative,typical,spoon,grasp_without_crushing,eager_eatl,1,0,0.1000,"grip_probe(force=18.0, crush_limit=40.0)","{""absorbency_ml"": 0, ""capacity_ml"": 21, ""concave"": true, ""crush_limit_n"": 40, ""edge_stiffness"": 0.55, ""flat_top"": false, ""friction"": 0.5248867306362063, ""grippable"": true, ""has_handle"": true, ""has_hole"": false, ""heat_resistant"": true, ""label"": ""spoon"", ""load_capacity_g"": 40, ""mass_g"": 75, ""porous"": false, ""pour_lip"": true, ""sharpness"": 0.07, ""stable_base"": false, ""surface_fragility"": 0.1, ""wet"": false}","{""grip_force_n"": 18.0, ""gripper_limit_g"": 900, ""load_g"": 1000, ""push_force_n"": 8.0, ""required_sharpness"": 0.55, ""required_stiffness"": 0.45, ""spill_ml"": 60, ""stack_load_g"": 600, ""temperature_c"": 85, ""volume_ml"": 200}",standard_parallel_jaw
avoidable_false_negative,typical,spoon,grasp_without_crushing,random_test_control,1,0,0.0650,irrelevant_random_probe,"{""absorbency_ml"": 0, ""capacity_ml"": 21, ""concave"": true, ""crush_limit_n"": 40, ""edge_stiffness"": 0.55, ""flat_top"": false, ""friction"": 0.5248867306362063, ""grippable"": true, ""has_handle"": true, ""has_hole"": false, ""heat_resistant"": true, ""label"": ""spoon"", ""load_capacity_g"": 40, ""mass_g"": 75, ""porous"": false, ""pour_lip"": true, ""sharpness"": 0.07, ""stable_base"": false, ""surface_fragility"": 0.1, ""wet"": false}","{""grip_force_n"": 18.0, ""gripper_limit_g"": 900, ""load_g"": 1000, ""push_force_n"": 8.0, ""required_sharpness"": 0.55, ""required_stiffness"": 0.45, ""spill_ml"": 60, ""stack_load_g"": 600, ""temperature_c"": 85, ""volume_ml"": 200}",standard_parallel_jaw
abstention,typical,brick,support_load,conservative_prior,1,abstain,0.0000,conservative_prior(abstain),"{""absorbency_ml"": 5, ""capacity_ml"": 0, ""concave"": false, ""crush_limit_n"": 250, ""edge_stiffness"": 0.95, ""flat_top"": true, ""friction"": 0.8774699074866714, ""grippable"": true, ""has_handle"": false, ""has_hole"": false, ""heat_resistant"": true, ""label"": ""brick"", ""load_capacity_g"": 6000, ""mass_g"": 1764, ""porous"": false, ""pour_lip"": false, ""sharpness"": 0.01, ""stable_base"": true, ""surface_fragility"": 0.05, ""wet"": false}","{""grip_force_n"": 18.0, ""gripper_limit_g"": 900, ""load_g"": 1000, ""push_force_n"": 8.0, ""required_sharpness"": 0.55, ""required_stiffness"": 0.45, ""spill_ml"": 60, ""stack_load_g"": 600, ""temperature_c"": 85, ""volume_ml"": 200}",standard_parallel_jaw
abstention,typical,cardboard_box,contain_liquid,uncertainty_vision_proxy,0,abstain,0.0000,"uncertainty_vision_proxy(abstain,p=0.51)","{""absorbency_ml"": 80, ""capacity_ml"": 814, ""concave"": true, ""crush_limit_n"": 20, ""edge_stiffness"": 0.35, ""flat_top"": true, ""friction"": 0.7343375811525816, ""grippable"": true, ""has_handle"": false, ""has_hole"": false, ""heat_resistant"": false, ""label"": ""cardboard_box"", ""load_capacity_g"": 1500, ""mass_g"": 209, ""porous"": true, ""pour_lip"": false, ""sharpness"": 0.02, ""stable_base"": true, ""surface_fragility"": 0.55, ""wet"": false}","{""grip_force_n"": 18.0, ""gripper_limit_g"": 900, ""load_g"": 1000, ""push_force_n"": 8.0, ""required_sharpness"": 0.55, ""required_stiffness"": 0.45, ""spill_ml"": 60, ""stack_load_g"": 600, ""temperature_c"": 85, ""volume_ml"": 200}",standard_parallel_jaw
abstention,typical,cardboard_box,support_load,conservative_prior,1,abstain,0.0000,conservative_prior(abstain),"{""absorbency_ml"": 80, ""capacity_ml"": 814, ""concave"": true, ""crush_limit_n"": 20, ""edge_stiffness"": 0.35, ""flat_top"": true, ""friction"": 0.7343375811525816, ""grippable"": true, ""has_handle"": false, ""has_hole"": false, ""heat_resistant"": false, ""label"": ""cardboard_box"", ""load_capacity_g"": 1500, ""mass_g"": 209, ""porous"": true, ""pour_lip"": false, ""sharpness"": 0.02, ""stable_base"": true, ""surface_fragility"": 0.55, ""wet"": false}","{""grip_force_n"": 18.0, ""gripper_limit_g"": 900, ""load_g"": 1000, ""push_force_n"": 8.0, ""required_sharpness"": 0.55, ""required_stiffness"": 0.45, ""spill_ml"": 60, ""stack_load_g"": 600, ""temperature_c"": 85, ""volume_ml"": 200}",standard_parallel_jaw
avoidable_false_negative,typical,cardboard_box,support_load,random_test_control,1,0,0.0845,irrelevant_random_probe,"{""absorbency_ml"": 80, ""capacity_ml"": 814, ""concave"": true, ""crush_limit_n"": 20, ""edge_stiffness"": 0.35, ""flat_top"": true, ""friction"": 0.7343375811525816, ""grippable"": true, ""has_handle"": false, ""has_hole"": false, ""heat_resistant"": false, ""label"": ""cardboard_box"", ""load_capacity_g"": 1500, ""mass_g"": 209, ""porous"": true, ""pour_lip"": false, ""sharpness"": 0.02, ""stable_base"": true, ""surface_fragility"": 0.55, ""wet"": false}","{""grip_force_n"": 18.0, ""gripper_limit_g"": 900, ""load_g"": 1000, ""push_force_n"": 8.0, ""required_sharpness"": 0.55, ""required_stiffness"": 0.45, ""spill_ml"": 60, ""stack_load_g"": 600, ""temperature_c"": 85, ""volume_ml"": 200}",standard_parallel_jaw
avoidable_false_negative,typical,cardboard_box,stack_safely,random_test_control,1,0,0.0715,irrelevant_random_probe,"{""absorbency_ml"": 80, ""capacity_ml"": 814, ""concave"": true, ""crush_limit_n"": 20, ""edge_stiffness"": 0.35, ""flat_top"": true, ""friction"": 0.7343375811525816, ""grippable"": true, ""has_handle"": false, ""has_hole"": false, ""heat_resistant"": false, ""label"": ""cardboard_box"", ""load_capacity_g"": 1500, ""mass_g"": 209, ""porous"": true, ""pour_lip"": false, ""sharpness"": 0.02, ""stable_base"": true, ""surface_fragility"": 0.55, ""wet"": false}","{""grip_force_n"": 18.0, ""gripper_limit_g"": 900, ""load_g"": 1000, ""push_force_n"": 8.0, ""required_sharpness"": 0.55, ""required_stiffness"": 0.45, ""spill_ml"": 60, ""stack_load_g"": 600, ""temperature_c"": 85, ""volume_ml"": 200}",standard_parallel_jaw
avoidable_false_negative,typical,cardboard_box,push_without_sliding,random_test_control,1,0,0.0585,irrelevant_random_probe,"{""absorbency_ml"": 80, ""capacity_ml"": 814, ""concave"": true, ""crush_limit_n"": 20, ""edge_stiffness"": 0.35, ""flat_top"": true, ""friction"": 0.7343375811525816, ""grippable"": true, ""has_handle"": false, ""has_hole"": false, ""heat_resistant"": false, ""label"": ""cardboard_box"", ""load_capacity_g"": 1500, ""mass_g"": 209, ""porous"": true, ""pour_lip"": false, ""sharpness"": 0.02, ""stable_base"": true, ""surface_fragility"": 0.55, ""wet"": false}","{""grip_force_n"": 18.0, ""gripper_limit_g"": 900, ""load_g"": 1000, ""push_force_n"": 8.0, ""required_sharpness"": 0.55, ""required_stiffness"": 0.45, ""spill_ml"": 60, ""stack_load_g"": 600, ""temperature_c"": 85, ""volume_ml"": 200}",standard_parallel_jaw
abstention,typical,cardboard_box,grasp_without_crushing,conservative_prior,1,abstain,0.0000,conservative_prior(abstain),"{""absorbency_ml"": 80, ""capacity_ml"": 814, ""concave"": true, ""crush_limit_n"": 20, ""edge_stiffness"": 0.35, ""flat_top"": true, ""friction"": 0.7343375811525816, ""grippable"": true, ""has_handle"": false, ""has_hole"": false, ""heat_resistant"": false, ""label"": ""cardboard_box"", ""load_capacity_g"": 1500, ""mass_g"": 209, ""porous"": true, ""pour_lip"": false, ""sharpness"": 0.02, ""stable_base"": true, ""surface_fragility"": 0.55, ""wet"": false}","{""grip_force_n"": 18.0, ""gripper_limit_g"": 900, ""load_g"": 1000, ""push_force_n"": 8.0, ""required_sharpness"": 0.55, ""required_stiffness"": 0.45, ""spill_ml"": 60, ""stack_load_g"": 600, ""temperature_c"": 85, ""volume_ml"": 200}",standard_parallel_jaw
abstention,typical,plastic_tray,contain_liquid,conservative_prior,1,abstain,0.0000,conservative_prior(abstain),"{""absorbency_ml"": 3, ""capacity_ml"": 248, ""concave"": true, ""crush_limit_n"": 25, ""edge_stiffness"": 0.5, ""flat_top"": true, ""friction"": 0.6266183247464036, ""grippable"": true, ""has_handle"": false, ""has_hole"": false, ""heat_resistant"": false, ""label"": ""plastic_tray"", ""load_capacity_g"": 700, ""mass_g"": 164, ""porous"": false, ""pour_lip"": true, ""sharpness"": 0.02, ""stable_base"": true, ""surface_fragility"": 0.45, ""wet"": false}","{""grip_force_n"": 18.0, ""gripper_limit_g"": 900, ""load_g"": 1000, ""push_force_n"": 8.0, ""required_sharpness"": 0.55, ""required_stiffness"": 0.45, ""spill_ml"": 60, ""stack_load_g"": 600, ""temperature_c"": 85, ""volume_ml"": 200}",standard_parallel_jaw
avoidable_false_negative,typical,plastic_tray,lift,risk_aware_eatl,1,0,0.0800,"trial_lift(mass=164, limit=900, friction=0.63)","{""absorbency_ml"": 3, ""capacity_ml"": 248, ""concave"": true, ""crush_limit_n"": 25, ""edge_stiffness"": 0.5, ""flat_top"": true, ""friction"": 0.6266183247464036, ""grippable"": true, ""has_handle"": false, ""has_hole"": false, ""heat_resistant"": false, ""label"": ""plastic_tray"", ""load_capacity_g"": 700, ""mass_g"": 164, ""porous"": false, ""pour_lip"": true, ""sharpness"": 0.02, ""stable_base"": true, ""surface_fragility"": 0.45, ""wet"": false}","{""grip_force_n"": 18.0, ""gripper_limit_g"": 900, ""load_g"": 1000, ""push_force_n"": 8.0, ""required_sharpness"": 0.55, ""required_stiffness"": 0.45, ""spill_ml"": 60, ""stack_load_g"": 600, ""temperature_c"": 85, ""volume_ml"": 200}",standard_parallel_jaw
avoidable_false_negative,typical,plastic_tray,lift,random_test_control,1,0,0.0520,irrelevant_random_probe,"{""absorbency_ml"": 3, ""capacity_ml"": 248, ""concave"": true, ""crush_limit_n"": 25, ""edge_stiffness"": 0.5, ""flat_top"": true, ""friction"": 0.6266183247464036, ""grippable"": true, ""has_handle"": false, ""has_hole"": false, ""heat_resistant"": false, ""label"": ""plastic_tray"", ""load_capacity_g"": 700, ""mass_g"": 164, ""porous"": false, ""pour_lip"": true, ""sharpness"": 0.02, ""stable_base"": true, ""surface_fragility"": 0.45, ""wet"": false}","{""grip_force_n"": 18.0, ""gripper_limit_g"": 900, ""load_g"": 1000, ""push_force_n"": 8.0, ""required_sharpness"": 0.55, ""required_stiffness"": 0.45, ""spill_ml"": 60, ""stack_load_g"": 600, ""temperature_c"": 85, ""volume_ml"": 200}",standard_parallel_jaw
abstention,typical,plastic_tray,support_load,uncertainty_vision_proxy,0,abstain,0.0000,"uncertainty_vision_proxy(abstain,p=0.41)","{""absorbency_ml"": 3, ""capacity_ml"": 248, ""concave"": true, ""crush_limit_n"": 25, ""edge_stiffness"": 0.5, ""flat_top"": true, ""friction"": 0.6266183247464036, ""grippable"": true, ""has_handle"": false, ""has_hole"": false, ""heat_resistant"": false, ""label"": ""plastic_tray"", ""load_capacity_g"": 700, ""mass_g"": 164, ""porous"": false, ""pour_lip"": true, ""sharpness"": 0.02, ""stable_base"": true, ""surface_fragility"": 0.45, ""wet"": false}","{""grip_force_n"": 18.0, ""gripper_limit_g"": 900, ""load_g"": 1000, ""push_force_n"": 8.0, ""required_sharpness"": 0.55, ""required_stiffness"": 0.45, ""spill_ml"": 60, ""stack_load_g"": 600, ""temperature_c"": 85, ""volume_ml"": 200}",standard_parallel_jaw
abstention,typical,plastic_tray,pour_without_spill,conservative_prior,1,abstain,0.0000,conservative_prior(abstain),"{""absorbency_ml"": 3, ""capacity_ml"": 248, ""concave"": true, ""crush_limit_n"": 25, ""edge_stiffness"": 0.5, ""flat_top"": true, ""friction"": 0.6266183247464036, ""grippable"": true, ""has_handle"": false, ""has_hole"": false, ""heat_resistant"": false, ""label"": ""plastic_tray"", ""load_capacity_g"": 700, ""mass_g"": 164, ""porous"": false, ""pour_lip"": true, ""sharpness"": 0.02, ""stable_base"": true, ""surface_fragility"": 0.45, ""wet"": false}","{""grip_force_n"": 18.0, ""gripper_limit_g"": 900, ""load_g"": 1000, ""push_force_n"": 8.0, ""required_sharpness"": 0.55, ""required_stiffness"": 0.45, ""spill_ml"": 60, ""stack_load_g"": 600, ""temperature_c"": 85, ""volume_ml"": 200}",standard_parallel_jaw
avoidable_false_negative,typical,plastic_tray,pour_without_spill,random_test_control,1,0,0.0780,irrelevant_random_probe,"{""absorbency_ml"": 3, ""capacity_ml"": 248, ""concave"": true, ""crush_limit_n"": 25, ""edge_stiffness"": 0.5, ""flat_top"": true, ""friction"": 0.6266183247464036, ""grippable"": true, ""has_handle"": false, ""has_hole"": false, ""heat_resistant"": false, ""label"": ""plastic_tray"", ""load_capacity_g"": 700, ""mass_g"": 164, ""porous"": false, ""pour_lip"": true, ""sharpness"": 0.02, ""stable_base"": true, ""surface_fragility"": 0.45, ""wet"": false}","{""grip_force_n"": 18.0, ""gripper_limit_g"": 900, ""load_g"": 1000, ""push_force_n"": 8.0, ""required_sharpness"": 0.55, ""required_stiffness"": 0.45, ""spill_ml"": 60, ""stack_load_g"": 600, ""temperature_c"": 85, ""volume_ml"": 200}",standard_parallel_jaw
avoidable_false_negative,typical,plastic_tray,stack_safely,random_test_control,1,0,0.0715,irrelevant_random_probe,"{""absorbency_ml"": 3, ""capacity_ml"": 248, ""concave"": true, ""crush_limit_n"": 25, ""edge_stiffness"": 0.5, ""flat_top"": true, ""friction"": 0.6266183247464036, ""grippable"": true, ""has_handle"": false, ""has_hole"": false, ""heat_resistant"": false, ""label"": ""plastic_tray"", ""load_capacity_g"": 700, ""mass_g"": 164, ""porous"": false, ""pour_lip"": true, ""sharpness"": 0.02, ""stable_base"": true, ""surface_fragility"": 0.45, ""wet"": false}","{""grip_force_n"": 18.0, ""gripper_limit_g"": 900, ""load_g"": 1000, ""push_force_n"": 8.0, ""required_sharpness"": 0.55, ""required_stiffness"": 0.45, ""spill_ml"": 60, ""stack_load_g"": 600, ""temperature_c"": 85, ""volume_ml"": 200}",standard_parallel_jaw
